,PPG_Rate,EDA_Tonic,EDA_Phasic,Condition,Gender
1,39.613035927548154,0.21804335992447826,0.015826220149728214,neutral,muz
2,-4.458129660228117,0.029970585372292635,-0.011510246471555071,nuda,muz
3,-3.1199767347364045,0.03870846789998256,-0.008650612341587286,neutral,muz
4,4.526186814803239,0.058490844296933686,-0.018320110617321163,nuda,muz
1,87.34996774181957,0.208068410084807,0.001059472948263219,neutral,muz
2,-40.54458917858035,-0.0012780860417979656,0.00038807898707559686,nuda,muz
3,-36.594011289264074,0.027149905980138195,0.0005240324335675367,neutral,muz
4,-31.139226070621078,0.03925891724820044,0.005778903425235224,nuda,muz
5,-44.97211142631887,0.08450172683035753,0.004997339751430414,neutral,muz
6,-47.628101384509094,0.09590914237529805,0.002433459492367833,nuda,muz
1,68.0801934685868,1.1582579594563704,-0.009560953493096526,neutral,muz
2,-12.669408544824925,0.0877767319417122,0.012443747279449979,nuda,muz
3,24.28700899779676,0.062919476704284,-0.023262927045296367,neutral,muz
4,41.47421307121614,0.04531927348502096,-0.01952376971351782,nuda,muz
5,-15.642651236866158,0.01850172487274304,0.020736654434004978,neutral,muz
6,-5.160157501101338,-0.007457351872689255,0.011288572649480313,nuda,muz
1,69.46265653235875,0.6206886488444187,0.005028584491807799,neutral,muz
2,-12.193454673719216,-0.05864619724098985,-0.010435405948787498,nuda,muz
3,-24.885107128018348,-0.08924571158982775,0.0347146040204123,neutral,muz
4,-13.359553740101042,-0.09372210245918422,-0.015376661409713568,nuda,muz
5,18.7160428603745,-0.17750979640326975,-0.0136215474631254,neutral,muz
6,-4.4982098538283,-0.2093273266033307,-0.012665348803242183,nuda,muz
1,79.77642765027012,0.6543370908678295,0.006656418557087157,neutral,muz
2,-9.381498716907885,-0.00337751650775997,-0.0071392912982257755,nuda,muz
3,56.44737978879938,-0.013364055159390653,-0.0076935094181491345,neutral,muz
4,-10.934708108470488,-0.02527643117812184,-0.00252620872094419,nuda,muz
5,-19.9419780292936,-0.06877574072377857,-0.012586861657878562,neutral,muz
6,-12.02451563265322,-0.07256947131335145,-0.006011815068361074,nuda,muz
1,84.83054631572958,0.7718353983784112,-0.0204899314486239,neutral,muz
2,-17.768989965697557,0.056641979144195775,0.02094634962575407,nuda,muz
3,-11.657876712520988,0.16766283701523987,0.0016598324125458516,neutral,muz
4,-24.436904030359116,0.2248231462747594,0.04220866384334508,nuda,muz
5,-9.783687267784117,0.17581105433277588,0.015202903626792174,neutral,muz
6,-26.06721050611406,0.15825673171957932,0.022364863641768665,nuda,muz
1,98.90876595065028,0.4854701521734671,0.031731801336401334,neutral,zena
2,18.553684998153216,0.05643119673971586,-0.010024540783104215,nuda,zena
3,-23.71001302947731,-0.011245809436161658,-0.02781027381017274,neutral,zena
4,-26.543572014511497,-0.03473005916878358,-0.02183264116181416,nuda,zena
5,1.5282657522257637,-0.17475678333160372,-0.030924522882510908,neutral,zena
6,-7.912638325226126,-0.18024433208102897,-0.0317441902652841,nuda,zena
1,77.1895881215276,0.07927839516873599,-0.00046003689481491437,neutral,zena
2,-31.660478795769492,-4.169186866521957e-05,0.002430582611925989,nuda,zena
3,-31.439265902730845,-0.000774689871790829,-0.0006780145932664955,neutral,zena
4,-16.23682689270626,-0.0006623231708348803,-3.070460961515989e-05,nuda,zena
5,-38.23537389351448,-0.011395792911551086,0.0014621487408703476,neutral,zena
6,-20.03789319639288,-0.012392534353821594,0.0002388317646205422,nuda,zena
1,81.64826108455581,0.1827097445592743,0.0012665453196110004,neutral,muz
2,-25.708135491349402,0.003022478245671867,-0.0009988238256685518,nuda,muz
3,7.8668807459080625,0.005089889624144361,-0.0006619453450189093,neutral,muz
4,-8.165846906403985,0.006894892431709626,-0.0009024158470256288,nuda,muz
5,-25.81765769961396,0.01211253307062593,-0.00047950474108098473,neutral,muz
6,1.4389169169359945,0.012918466821758012,-0.001033510867795246,nuda,muz
1,69.20840914465924,0.1447172922907095,0.012163605476278174,neutral,zena
2,-0.3823706817049839,0.01792768551470711,-0.02052104061854433,nuda,zena
3,0.9062959383649343,0.050230814774170574,-0.019372722396597614,neutral,zena
4,4.755377280548089,0.0734257066185274,-0.02575249010547275,nuda,zena
5,-17.35807789016861,0.16433934165042102,-0.02384514965155643,neutral,zena
6,-1.564747585727659,0.18165218452555942,-0.03257148817792935,nuda,zena
1,66.82027426277375,0.19211204983190114,0.0028772458010038167,neutral,zena
2,-9.58858903435786,0.006093687839132722,-0.000346284293088181,nuda,zena
3,3.8318612663430542,0.004677294688837652,-0.004685589965535171,neutral,zena
4,3.6667764166090677,0.004631260431292472,-0.0014533831178708148,nuda,zena
5,-9.831577161703706,-0.01515673595733208,-0.0043688716074480344,neutral,zena
6,2.581520483920116,-0.016037790415673908,-0.005613912242107401,nuda,zena
1,75.4906054279749,0.16788282522034131,0.0013119180652022256,neutral,zena
2,6.165393560208045,0.0016380065587061066,0.0007780846823877731,nuda,zena
3,-12.025695472758677,0.0036697708040207833,0.00034939221963062577,neutral,zena
4,-19.557877718147004,0.0037505738545114964,-0.0008661507654046547,nuda,zena
5,-3.8670762157596954,0.005005880942844543,-0.00016323741430351803,neutral,zena
6,0.3549313824826186,0.005767619392742951,-0.0018682730825243829,nuda,zena
1,65.87311733398533,0.10729553183248179,-0.0009704757580031728,neutral,zena
2,-3.8097070718556623,-0.00021818142495165505,0.001919493529268402,nuda,zena
3,-15.705083436351352,-0.0002882902875632892,0.0011603479251582056,neutral,zena
4,-4.126568626896301,0.0009768975702719868,0.0016138016246719832,nuda,zena
5,1.511903230889061,0.0015701645223274996,-0.0005029347515893986,neutral,zena
6,0.9453712612159393,0.0016225467851249536,0.0005721117640576873,nuda,zena
1,90.26771945751427,2.898692499590868,0.0363552485709846,neutral,muz
2,1.8609835010483096,0.02496767144738632,-0.12301788326078199,nuda,muz
3,-30.89012123599985,-0.08750267627488384,-0.06891922956543506,neutral,muz
4,-56.530495252359586,-0.13478145972602684,-0.04072367655598724,nuda,muz
5,-39.507958526464044,-0.49341240346695736,-0.05946294591025305,neutral,muz
6,-37.53127795519087,-0.5277417290360478,-0.05466385001166467,nuda,muz
1,59.74716633219772,0.10544514680149554,-0.0003994175767723677,neutral,muz
2,-13.585630438127147,-0.00011506996270820025,0.0007454252155338138,nuda,muz
3,-17.23249062158444,-0.00027656580386299645,-0.0005776567813150163,neutral,muz
4,-17.36618098750146,0.0002019243531176801,-8.901598003562179e-05,nuda,muz
5,-8.927026634956803,0.00021894279604110778,0.00048215794005276354,neutral,muz
6,-19.25437214780326,-0.00044824354649083964,-0.0010149564311903044,nuda,muz
1,52.95091009376722,0.3846074091747436,-9.450007584524932e-05,neutral,muz
2,22.398597799201312,-0.012878288335488985,3.580862486564115e-05,pozitivni,muz
3,21.091228351322357,-0.017678183894311972,0.0011655040160313663,neutral,muz
4,12.359008888528535,-0.019102392839655757,-0.0014687667102365508,pozitivni,muz
5,29.156246976484155,-0.024136385569790197,-0.0051685725527047316,neutral,muz
6,-10.097462450125413,-0.028803147320448974,-0.001539994214031725,pozitivni,muz
1,36.37427644388002,0.3947407452650468,0.0017572826746952068,neutral,muz
2,-20.0671722050359,0.0005735753872205818,-0.0011720211515207244,pozitivni,muz
3,21.03536902708482,-0.00551660908713697,0.019881176761958427,neutral,muz
4,58.374284379192034,-0.014775791551006723,-0.00807498271617744,pozitivni,muz
5,-22.91318151851808,-0.013770617370329197,-0.001473918017567862,neutral,muz
6,-24.469915192028903,-0.008903538552616996,-0.0031169565583801335,pozitivni,muz
1,65.53549344546128,0.11858266176812511,-0.00013580404560544024,neutral,zena
2,-10.106054944155822,0.003502012011668415,0.00044698417903535424,pozitivni,zena
3,-15.822732063346947,0.010467326236792737,0.00033546326460258104,neutral,zena
4,-20.761731414666137,0.012161776008466033,0.00035633548208744803,pozitivni,zena
5,-14.268849823629637,0.016238406424673127,-0.00013512420209942314,neutral,zena
6,-25.40085083230037,0.018620716858653782,-1.6837753179886204e-05,pozitivni,zena
1,91.14268453080058,0.33860697139207235,-0.003703458785785266,neutral,muz
2,-22.454346770556754,0.0010389911603957414,0.008502875159434785,pozitivni,muz
3,-43.2027667092308,0.0022328637499051673,0.006862786178911465,neutral,muz
4,-48.19391548635952,0.0028166518237074945,0.00377866090957408,pozitivni,muz
5,-0.8571305496218713,0.008424578362342061,0.002925300454157449,neutral,muz
6,-34.01396060719208,0.006625220205932036,0.012157997264472578,pozitivni,muz
1,85.69192920423299,0.3540057531055745,-0.0014047124869501768,neutral,muz
2,-37.54570353789175,0.002027801501275961,0.00134690333045201,pozitivni,muz
3,-35.92179461508189,0.0007640449352592227,0.0004390632924704878,neutral,muz
4,-31.478686055265506,-0.0005505931967693112,0.0009531748128962988,pozitivni,muz
5,-37.19953055500236,0.008396716868857734,-0.0032789342971982346,neutral,muz
6,-47.755243879200684,0.006775093722573788,0.0011985849342225647,pozitivni,muz
1,71.0949179439483,1.3339629753906346,0.02169099884231134,neutral,muz
2,23.587204918729384,-0.05310898355619553,-0.034871144979634505,pozitivni,muz
3,15.137854238431785,-0.3900557936406873,-0.03592541892859095,neutral,muz
4,17.991786592032938,-0.34215757307887873,-0.05700646957843773,pozitivni,muz
1,70.16932103939652,0.0845728121934277,-0.001850174489242019,neutral,zena
2,-5.537715435923786,0.004028696992601971,-0.0033185045434797732,pozitivni,zena
3,1.8929771129512005,0.006907015299004934,-0.006175018687857382,neutral,zena
4,15.923563785705653,0.009942574675256277,-0.00320681256225249,pozitivni,zena
5,-4.872223373338542,0.03170282763589831,-0.0019534345924670056,neutral,zena
6,19.030060361430344,0.031325420297983964,-0.01179297403415171,pozitivni,zena
1,80.34461538461537,0.4256693622678957,-0.0063051104772872246,neutral,zena
2,-9.003232004656553,0.0046181427719415025,0.045571632664715124,pozitivni,zena
3,-7.186610655313473,-0.0023052187900511334,0.024114010196908862,neutral,zena
4,9.342097601918226,-0.00858560134080838,0.029312893685997966,pozitivni,zena
5,-18.12528524266569,0.009353188305146531,-0.011648130114915818,neutral,zena
6,-35.625851392088855,0.03891656008888,0.055315902084119954,pozitivni,zena
1,80.46769548249537,0.04776593880328686,0.0007039256247676512,neutral,zena
2,-7.756874190518047,-0.0011248757483365845,-0.0010827683234271572,pozitivni,zena
3,5.718447643199482,-0.0023513931893976853,-0.0005138037076471851,neutral,zena
4,5.482596076550962,0.00030279441138716945,-0.0022659299153719873,pozitivni,zena
5,-13.662945012492926,0.024208490754710307,-0.00046189278346958515,neutral,zena
6,-23.009655070370478,0.027499146400159838,-0.000719074914163221,pozitivni,zena
1,80.2852686001778,0.20627753850774472,0.005493135609124416,neutral,muz
2,-8.848987961059194,0.0074552221897567494,-0.008554883697128892,pozitivni,muz
1,82.54160480241141,0.4021875129183069,0.0008228363865678131,neutral,muz
2,4.161892035823499,0.007081476963790856,-0.0009629589909052912,pozitivni,muz
3,-3.1453047528398628,0.01862566344657779,-0.0025550374052528517,neutral,muz
4,0.3848209081531877,0.023443750455854895,-0.00031988433565754027,pozitivni,muz
5,-0.3186857224896755,0.059990140163513284,-0.0072535285399540576,neutral,muz
6,1.4560611395494476,0.06814584463495393,-0.0005351022133599486,pozitivni,muz
1,65.34534534534535,0.2996169978105945,0.000331692397610086,neutral,muz
2,0.14463349075386134,-0.0007613370708039469,-0.002072010275587308,pozitivni,muz
3,-3.5094529665729084,-0.019685296341356073,0.006500583418422889,neutral,muz
4,18.234735426182127,0.023927780370568308,-0.03751300575920979,pozitivni,muz
5,-7.066869531520339,0.23211231832757506,-0.025044420538295222,neutral,muz
6,1.0516473206821502,0.2630489321632892,-0.022563347130057077,pozitivni,muz
1,67.3566041045431,1.0801151154490702,-0.026677663085479943,neutral,muz
2,-5.517824226586221,0.02188212616238072,0.05785939688936211,pozitivni,muz
3,-1.7469802727622579,-0.0664778384711564,0.027165839048397256,neutral,muz
4,-2.845275356777748,-0.109469894239272,0.03104408216704347,pozitivni,muz
5,11.736952858194144,-0.33558057514725037,0.02712803370505201,neutral,muz
6,1.7516673286144169,-0.3535881914232062,0.028364733065690664,pozitivni,muz
1,72.72727272727276,0.27130559996077336,0.00586210359439061,neutral,zena
2,-13.73186354839764,0.005715907343035842,-0.007552713414556588,pozitivni,zena
3,-18.48236063709878,-0.01601200981852907,-0.014845919583217548,neutral,zena
4,10.281784749743721,-0.014552149586804397,-0.004414035208664241,pozitivni,zena
5,3.157285908237128,-0.01517202298263065,-0.0084635754253822,neutral,zena
6,12.203831008840979,-0.02313835686236107,-0.005353034148278308,pozitivni,zena
1,54.70632341914518,0.09465624620081053,-0.0020177760078686252,neutral,zena
2,-15.211107156671709,0.0007932974189348713,0.0013422180348625881,pozitivni,zena
3,8.07200206510361,0.0038052664950541937,0.0013179153380898103,neutral,zena
4,-0.5599611973691694,0.004563455388240822,0.002214877641528799,pozitivni,zena
5,9.380162375212265,0.004841271483150028,0.0022067788241818594,neutral,zena
6,-3.942095387773051,0.004818232061035571,0.0025470305350113443,pozitivni,zena
1,79.75748860362867,2.6224963529641045,0.06706510552781483,neutral,muz
2,-34.13841231114724,-0.09533862661201686,-0.09220579366075896,pozitivni,muz
3,-24.499005626065816,-0.2690855470833373,-0.07098033261103884,neutral,muz
4,26.889197578109048,-0.2513313187161166,-0.10499117417884607,pozitivni,muz
5,-14.474586734472979,-0.18072242946772032,-0.06538762779480545,neutral,muz
6,-34.05562812625238,-0.22400161645790506,-0.08118352416748627,pozitivni,muz
1,60.628107490327984,0.10454614658434652,0.0004286073924887026,neutral,muz
2,-1.0739693393328764,0.0009798806868588361,-0.0008175564345945512,pozitivni,muz
3,0.6846955777288741,0.0009648753709150665,7.373001590133021e-05,neutral,muz
4,-12.584178042313582,0.0009434481685537816,9.127630657625131e-05,pozitivni,muz
5,-17.704905117101497,0.002504373993669387,-0.0010693307977442208,neutral,muz
6,-5.038330581731103,0.0025365028828553404,-0.0008167936622295207,pozitivni,muz
1,62.89245982694684,0.15430525190930516,-0.0005719877379136323,neutral,zena
2,-22.284980493340967,-0.0011206292287314346,0.0019995014638561704,radost,zena
3,28.39864098682049,0.0022047820263205176,0.003977172058403797,neutral,zena
4,-30.83767504071701,0.0031873667954397944,0.0003051603351148462,radost,zena
5,-16.140511054690315,0.004888658403331941,0.0009326794660556598,neutral,zena
6,-17.461306119964014,0.005791364930994858,-0.0003131791385809333,radost,zena
1,88.32037035866108,0.3576009727803169,-0.010135371058676122,neutral,muz
2,-38.403231763001315,-0.014052513034117864,0.006757312673170507,radost,muz
3,-24.328643083207083,-0.012834444165864822,0.01182542260027931,neutral,muz
4,-39.751347758540994,-0.013188864441599835,0.00930033141272863,radost,muz
5,-33.77614416965618,-0.00708600847227242,0.011752012486624904,neutral,muz
6,-37.60852589130304,-0.006624174633543145,0.011012300111374187,radost,muz
1,84.44307428825087,0.3378727931218686,0.0007844478049317076,neutral,muz
2,-43.41804195521324,-0.00047372451444283037,-0.002757078034578679,radost,muz
3,-35.38469783689093,-0.0008588064014916075,-0.00239822768135593,neutral,muz
4,-41.79828287748901,-0.0028161331353980246,-0.0015359064226114672,radost,muz
5,-3.0341110130131455,-0.0014341010431577206,-0.001347443939968954,neutral,muz
6,-37.31333182006117,-0.0017006716162347724,0.0015891030501285076,radost,muz
1,72.07705606322548,1.217424231922225,-0.00877771065365101,neutral,muz
2,53.030542458402536,-0.0015626766041443307,-0.01510122263733452,radost,muz
3,-12.198733509861974,-0.08069366393982969,-0.003064622822619956,neutral,muz
4,-6.115386295794281,-0.08273525277544813,-0.028794710781701163,radost,muz
5,-28.97549044242532,-0.09639982450052464,-0.01706703692052928,neutral,muz
6,-11.850319648812395,-0.13968798441392716,-0.011292247658584172,radost,muz
1,75.83757897154963,2.2956559866867217,0.015198457074953346,neutral,muz
2,5.417640102534094,-0.09285507615817723,0.0042780193607925305,radost,muz
3,-0.02044498534043271,-0.29000411763356926,-0.00863438378460809,neutral,muz
4,36.886534625033406,-0.2706662233463506,-0.07605716051330258,radost,muz
5,42.786228271035284,-0.14846082637568792,-0.03877092869865781,neutral,muz
6,6.44276180262861,-0.2641193115143423,0.018058258991190672,radost,muz
1,72.39890845943935,0.13742878978073805,-0.0030581254697240414,neutral,zena
2,-23.76267979289962,0.004465551094006731,-0.00198644894454245,radost,zena
3,8.977263302059882,0.0024314298726731687,-0.000859500533629418,neutral,zena
4,19.0591326202738,0.0021558547204084955,-0.0003781974213367804,radost,zena
5,-10.493822641766002,-0.0010530546682020192,-0.0019546725365285,neutral,zena
6,-17.429873924696565,-0.0013210140303119566,0.003704721360618869,radost,zena
1,74.54049135577795,0.15589170968542318,-0.013928918228179621,neutral,zena
2,-13.81764716551821,-0.004454474115209467,0.010110372283048768,radost,zena
3,6.301479788199629,-0.009062896233532791,0.01116734779419341,neutral,zena
4,-0.24218025627570228,-0.011996296035114096,0.008554855086832253,radost,zena
5,-20.509932156442247,-0.018048919527884982,0.01231300053993865,neutral,zena
6,-9.703668224730976,-0.020954015091283057,0.014113646844070467,radost,zena
1,75.13546056592416,1.1117080935670733,0.021942894620821843,neutral,muz
2,-0.39627689113869735,-0.014849231791555395,-0.024498856084127857,radost,muz
3,5.996049262753942,0.04497286861220218,-0.0019891102082967085,neutral,muz
4,-3.8020390630644414,0.027701653272048432,-0.019162483605174377,radost,muz
5,-23.016963076273,-0.027269313401676376,0.006069064894878493,neutral,muz
6,-3.8414651050631363,-0.04482087065734497,-0.015713658901051607,radost,muz
1,85.80466984684908,0.1986495715072151,0.0062443683039908405,neutral,zena
2,50.69509034433922,0.0030823560671756345,-0.020723445993480406,radost,zena
3,13.093621222696854,0.014936766294797205,-0.03130345233337578,neutral,zena
4,-14.35171663760066,0.013385428806636929,-0.007769532814299623,radost,zena
5,-19.964619364468177,0.0943739208505793,0.0028397758389970317,neutral,zena
6,7.047410300234134,0.09033642502232545,-0.012808776937378762,radost,zena
1,75.22591389728507,0.09596685289713533,0.0007802985690361801,neutral,zena
2,5.35166690818447,0.000931532386663006,-0.0005904410054762181,radost,zena
3,-7.026424752650371,0.004223612952038824,-0.0009814390748319511,neutral,zena
4,-31.591743411995076,0.005238357750264738,-0.000448716770837727,radost,zena
5,-28.748797713519572,0.009567475969487996,-0.0022185207667956572,neutral,zena
6,11.915446845897577,0.010329037782976419,-0.0016731983764368902,radost,zena
1,80.95325389550877,0.2482582451343444,-0.0014414296250056587,neutral,muz
2,-9.534988371433727,0.0013925608034181247,0.010352185365396172,radost,muz
3,-19.492553928207236,0.008478974277962292,0.00630072562455853,neutral,muz
4,1.217613691336112,0.013650837951243333,-0.00064134244912725,radost,muz
5,4.431896693748655,0.02138850363703687,-0.0014038332838027235,neutral,muz
6,9.94165806659744,0.02763775460791279,-0.000276200192201278,radost,muz
1,72.14155610803688,0.26882703138379266,0.0044817269206079355,neutral,zena
2,-13.448369696378506,0.004865104138061238,-0.0068146156610958426,radost,zena
3,-10.956167905900813,-0.020118496429434612,-0.002158242112273365,neutral,zena
4,-0.907032171508078,-0.0015873431954094852,-0.02599509335643161,radost,zena
5,-7.812984953515482,0.10926543130077804,-0.013224899271246265,neutral,zena
6,0.5493031127730035,0.08891686307356728,-0.011728072661136742,radost,zena
1,68.82594776827456,0.6012934127233058,0.004961709254039471,neutral,muz
2,-8.014224732071817,0.076417771661908,-0.084289343031478,radost,muz
3,-6.992053194889429,0.1295882240542553,-0.03519812538222139,neutral,muz
4,-0.9291510814226172,0.11856769991887783,-0.059925158897602755,radost,muz
5,-13.24169483800027,0.15944658141155332,-0.031175601716261492,neutral,muz
6,-3.0562256586394625,0.15915573063200195,-0.05361660052302686,radost,muz
1,74.32258064516125,0.21176521737988488,-0.007394326683777667,neutral,zena
2,7.575772990632345,0.0017625379223721038,0.009502586184715781,radost,zena
3,1.407301493586374,-0.010998880671646671,0.011385017842312235,neutral,zena
4,7.812933118294325,-0.018140257672606935,0.009640285300121867,radost,zena
5,2.2590738021966104,-0.029378719957082744,0.009709392373444752,neutral,zena
6,-24.66303272664149,-0.03321764377369882,0.009345240119731282,radost,zena
1,62.20229659100173,2.7978344207096266,0.024893957650967267,neutral,muz
2,-30.517963571851382,0.059157652804635585,-0.052853960083778316,radost,muz
3,-26.17569333568278,-0.024477390035274826,-0.03600494829127864,neutral,muz
4,-20.050311471806054,-0.025172420541446083,-0.12308101757745518,radost,muz
5,-7.444735803308802,0.012274919992132816,-0.07378095453630529,neutral,muz
6,-15.755132861934207,-0.11136700939713551,-0.03278585279401943,radost,muz
1,62.01061914950127,0.11605506347011343,0.0022251987657647436,neutral,muz
2,-12.652766674435497,0.0010708524459946134,-0.002587910173136215,radost,muz
3,-19.51710068992542,0.0004927103901178065,-0.0022059208365707308,neutral,muz
4,-21.75777659878453,0.00016393293751391924,-0.002718944496016559,radost,muz
5,2.1345521572814192,0.0006131566659629828,-0.0034373028021038926,neutral,muz
6,-18.307098374167417,0.0011174946547188036,-0.0022644646861165467,radost,muz
1,28.5439440314823,0.306952527288897,0.0035717480550885514,neutral,muz
2,80.0684560136267,0.0014675980529823551,-0.0038453557129172226,strach,muz
3,-18.912942200721066,0.0031610185581591455,-0.0035348953705162953,neutral,muz
4,-4.986016626096056,0.007856083387961343,-0.006328269974226834,strach,muz
5,-15.294917099568996,0.015104747085656955,-0.0012890779883714689,neutral,muz
6,-13.491676310485971,0.01779489009788421,0.0009552494178513378,strach,muz
1,77.88070564891426,0.23783948595847623,-0.007335617376906694,neutral,zena
2,-17.359101920879247,-0.01637522803166616,0.012081588628896314,strach,zena
3,-37.904629572348604,-0.015555112941888521,0.008202350669461041,neutral,zena
4,-15.494644328328746,-0.01616047080983668,0.011785702479462451,strach,zena
5,-23.12171176629765,-0.008823956800704441,0.01708642861769169,neutral,zena
6,-3.4419244255728785,-0.004545367934058936,0.009232358938818701,strach,zena
1,72.21492537313428,0.16757014402236786,-0.01550129968718984,neutral,zena
2,-8.68327403854341,-0.00436026826003022,0.005676202990482666,strach,zena
3,-2.7786633525645072,-0.006021893545179513,0.01012575795259991,neutral,zena
4,9.850920650277999,-0.015718758033520408,0.008563229824437309,strach,zena
5,-2.001176393732621,-0.02047346038211667,0.013961931350792612,neutral,zena
6,5.867760628898537,-0.01890857292293366,0.018869579570217756,strach,zena
1,75.82670203359861,0.8342031190229615,-0.002919093130474227,neutral,muz
2,-20.86591222031157,-0.013209831693915763,0.0030837400035566578,strach,muz
3,-15.545173992345902,-0.035924322388266705,0.001775391244455542,neutral,muz
4,-17.323206384324763,-0.047693659080332185,0.0018931545557360505,strach,muz
5,2.2724877780040913,-0.06291769396351377,0.006135730723216742,neutral,muz
6,-21.382997964521877,-0.08001927265183595,-0.002220022175178078,strach,muz
1,86.24113475177302,0.6277907078417674,-0.017853075672750046,neutral,zena
2,5.082656748345528,-0.05893248616786029,0.04414271176918413,strach,zena
3,-2.026327412295899,-0.06237966115544957,0.00608211895116384,neutral,zena
4,2.553655309328917,-0.06439080574875133,0.06757961989575267,strach,zena
5,-5.514486654089666,-0.06426785080577613,0.07916496455113775,neutral,zena
6,3.5127671489918555,-0.0609152484744907,0.08114641290921655,strach,zena
1,75.76567417292715,0.13793770047163778,-0.0041137812196869825,neutral,zena
2,-15.567162497990736,-0.0030593999520400483,0.004225622907845426,strach,zena
3,-36.89854230182125,-0.003301198684088208,0.004468484696952431,neutral,zena
4,-18.171973621432123,-0.002203088283903004,0.003861085725601773,strach,zena
5,-28.252596733028625,-0.002880134010923935,0.0038911259865168717,neutral,zena
6,-4.237221149541583,-0.004321677342463887,0.003733447240084423,strach,zena
1,83.49407840944393,0.30512485710103476,0.0062187998684164175,neutral,muz
2,-2.050423176708435,0.01200618313483659,-0.00720358765766378,strach,muz
3,-6.446155257192558,0.02324777038642889,-0.00705216769047297,neutral,muz
4,-0.19249266679057087,0.0278502005800364,-0.0070953030141093386,strach,muz
5,0.45121616171758205,0.03769773736894183,-0.008901902151794233,neutral,muz
6,-0.053564281159623306,0.04572647270416985,-0.010250223250751402,strach,muz
1,74.9282058912593,0.24612513063908,-0.004502629512393197,neutral,zena
2,11.429489836567072,-0.011113002860035692,0.008858856108993177,strach,zena
3,-9.298042662201482,-0.019188349753805928,0.007512545232539154,neutral,zena
4,-8.228584844249568,-0.019796616628411756,0.0040265170305619925,strach,zena
5,-29.12111469564686,-0.01684006846289765,0.007456114238909045,neutral,zena
6,-1.3342204025311588,-0.01941141411666178,0.006576722656816759,strach,zena
1,71.36937908252433,0.1349019138430751,0.0038191192061850406,neutral,zena
2,-24.062211259595017,0.006915101242945809,-0.007044819382381335,strach,zena
3,-9.518794699259132,0.007237201669605203,-0.0075301652543416486,neutral,zena
4,-12.561606053597515,0.0027939615357815417,-0.00531651947161151,strach,zena
5,-12.354473448819363,0.0019340571168221243,0.004242167092191579,neutral,zena
6,0.8605858947172038,0.0017849024558259374,3.010248117863573e-05,strach,zena
1,78.23050058207211,0.16146037506561742,0.007887207506913116,neutral,zena
2,-27.0319223903942,0.012452851098860684,0.011015393589285612,strach,zena
3,-12.966477378592984,0.007017875973936161,0.0027135660685160216,neutral,zena
4,5.386441047412632,0.007689823704523119,-0.0016590904285506969,strach,zena
5,-9.994263784878143,0.006177431730206184,-3.6884911352386834e-05,neutral,zena
6,-26.924048495357546,0.002332658070902466,-0.0013106141363377144,strach,zena
1,57.88565637360867,0.11449465244810965,0.0010364503417205871,neutral,zena
2,-9.384729353335523,0.0002104667175644448,-0.0008706141752013111,strach,zena
3,-6.990422121805672,0.0017632186075401818,-0.0002687753172164602,neutral,zena
4,-6.075274065450365,0.002634168750608873,-0.0021726876633176833,strach,zena
5,-1.6315575585357962,0.0034862798142273055,-0.0011507731527064127,neutral,zena
6,4.564915754975225,0.003582279477147024,-0.0007340578995849072,strach,zena
1,68.3847192017863,2.4395355751010155,0.05728908881365398,neutral,muz
2,-23.973209414898847,0.06145181539598754,-0.014800915685545889,strach,muz
3,10.276543262171472,0.055176766754484685,-0.14147392882605173,neutral,muz
4,-13.949154545624474,0.20255232606815543,-0.08031414013372713,strach,muz
5,-29.452406308585573,0.28465540283143165,-0.09129932375170054,neutral,muz
6,-26.510218950707227,0.3800773306574108,-0.1761373025798562,strach,muz
1,67.59078134071464,0.11700724490678556,0.0029384128739303075,neutral,muz
2,-30.324144013106306,0.004565270817072087,-0.005494890539443514,strach,muz
3,-23.00009576016472,0.007717358216798531,-0.004222195527955346,neutral,muz
4,-4.852705805766675,0.008810299591214918,-0.0021592900653863117,strach,muz
5,-27.367822243050874,0.006876009731980368,-0.003460860490700245,neutral,muz
6,-8.05988092675765,0.0047307850677214686,-0.0015300070502918652,strach,muz
1,65.681619019381,0.404437582117614,-0.011521409857726178,neutral,zena
2,-19.28796815474074,-0.07229067224275865,0.03350845468802069,zmatek,zena
3,-31.621528461239585,-0.1014171362795725,0.012638205613353859,neutral,zena
4,-27.99940763378539,-0.10198406988333797,0.029971558196914067,zmatek,zena
5,24.684438448080186,-0.09589754246706345,0.017829945193749225,neutral,zena
6,24.88276041018257,-0.08296871972471687,0.03146120759697919,zmatek,zena
1,72.54750807638891,0.9896403472200135,-0.009548125172663301,neutral,muz
2,22.961068391016795,-0.025200427678866433,0.021894470491305336,zmatek,muz
3,-16.007644141516096,-0.07124829435841928,0.0022330128796044756,neutral,muz
4,-5.343075322124051,-0.08494870223718731,0.0023758465883353007,zmatek,muz
5,-28.531644134486072,-0.12934490492282946,0.007868726428078933,neutral,muz
6,12.835093514334076,-0.14625072892587054,0.0063253712956661285,zmatek,muz
1,69.17138445702521,0.4696543005637009,-0.0030599441132587494,neutral,muz
2,0.12616572395955927,0.019355141152656463,0.0040029649906087456,zmatek,muz
3,-2.95201424564965,0.009466165989725106,-0.007920260601811087,neutral,muz
4,-9.457297637539064,0.013093378668341038,0.007205298972899898,zmatek,muz
5,10.724883638840794,-0.0430451497545683,-0.0031939988346239693,neutral,muz
6,-0.22912527191718368,-0.005312102536906671,-0.005064414876836031,zmatek,muz
1,79.37758755675699,1.4906058061144758,0.0025204992545535252,neutral,muz
2,1.4386447256889738,-0.03728085963948913,0.01520209853981618,zmatek,muz
3,-0.28975599222738424,-0.10751573236932122,0.005528605008163646,neutral,muz
4,-2.87770872846356,-0.13876903868836,-0.00028640627626851144,zmatek,muz
5,1.42527684157416,-0.20416586824698935,-0.010931835464203642,neutral,muz
6,-7.236666518493195,-0.23525214934092964,0.010496315093991812,zmatek,muz
1,107.29201288885635,0.8935288429663466,0.0022430433120166323,neutral,muz
2,-25.218844375162902,-0.018219763872880712,0.0028616696775700372,zmatek,muz
3,-35.375951483236065,-0.04181862741520692,-0.004327930161265547,neutral,muz
4,-3.124706205632222,-0.052040223112832296,0.0029499383020933894,zmatek,muz
5,-39.412684331434576,-0.1471511101172529,0.0071498399434239265,neutral,muz
6,-27.98244523707278,-0.11241883714825507,-0.034019737665619346,zmatek,muz
1,72.97054454109696,0.15429713605262108,0.005152300659675009,neutral,zena
2,-10.150940013544151,0.005142768319855107,-0.016375704583752107,zmatek,zena
3,-10.746878623882345,0.009748338721280975,-0.010903107096619064,neutral,zena
4,-24.662232775457966,0.01363069104855072,-0.012112897618768399,zmatek,zena
5,-15.518196375978533,0.018658403199339868,-0.015276471827401127,neutral,zena
6,-2.588126551972948,0.015095666633666183,-0.014143037278704883,zmatek,zena
1,76.25339037962824,0.724094829724256,-0.02140363314622659,neutral,muz
2,-33.87047122438614,0.031176216831415804,0.029658664420958592,zmatek,muz
3,-31.207357480969378,0.023763980186441325,0.026869393333877386,neutral,muz
4,3.104058028404424,0.04966841295410884,0.0036427170590797135,zmatek,muz
5,1.3716722252808893,0.3021722190935354,-0.0022262486993149116,neutral,muz
6,-17.02674252073747,0.35749924904827424,0.028446617584564307,zmatek,muz
1,93.19268637434668,0.6260071832933976,-0.030163029638691437,neutral,zena
2,-12.90293632762625,-0.045696770330306724,0.05647795774512003,zmatek,zena
3,-6.024601241912492,-0.06337277896823501,0.04564864246387926,neutral,zena
4,-50.04586166104052,-0.06695769762572135,0.044376262186376136,zmatek,zena
5,-10.180461527198858,0.0584852363732582,0.05970064418834067,neutral,zena
6,-19.977460235116993,0.13044788621090997,0.05136776671557887,zmatek,zena
1,79.49443660168193,0.1518995795087687,-8.312219890865976e-05,neutral,zena
2,-11.678216810435956,-0.003335491980337807,-0.0009067249073416241,zmatek,zena
3,-19.10590669467048,-0.001644777209397763,0.000983638470295077,neutral,zena
4,-28.010291947977166,0.0004215077398617706,0.0004277308660491704,zmatek,zena
5,-29.644415273800284,-0.006235278495503427,-0.0010555922367741213,neutral,zena
6,0.7708375979800337,-0.0068229114816487635,-0.0002691656018688198,zmatek,zena
1,70.99799902023187,0.2807752218116191,0.004035421331719311,neutral,zena
2,-1.9628641362678252,0.005034742703741268,-0.008850334690022898,zmatek,zena
3,-18.279320136793885,-0.005086793062061057,-0.007202283717176128,neutral,zena
4,-7.441987146021738,-0.006789414617034584,-0.004418770522464371,zmatek,zena
5,-20.44562438384653,-0.015272101878820887,-0.010199982876629071,neutral,zena
6,-17.545459373720753,-0.02099722658670722,-0.007946295491674598,zmatek,zena
1,106.93724149323658,0.6081533606246539,-0.0016681772872310162,neutral,muz
2,-42.09311632476617,0.004210818251970894,0.00876194216788638,zmatek,muz
3,-54.37636679246432,-0.018250230406246404,-0.0009798656754604626,neutral,muz
4,-49.619192111659835,-0.027433490381873815,-0.016918353975410447,zmatek,muz
5,-17.248099839448912,-0.03785901772069944,0.001715705433817057,neutral,muz
6,-53.45262668982574,-0.017681228657876802,-0.05084565106676439,zmatek,muz
1,54.954967979870794,0.12098833066310295,0.0011179935109464384,neutral,zena
2,24.308850355778496,0.0008361299709944287,3.599656198101137e-05,zmatek,zena
3,-15.340607397405527,0.0005865267905088151,-0.0007909061973247615,neutral,zena
4,-6.4926820298165,-0.0008330650618362662,-0.0015768794657690251,zmatek,zena
5,9.736830862392459,0.002134909662371398,-0.0007206758072885854,neutral,zena
6,12.99964819525055,0.0011151620768520415,-0.001827279622722865,zmatek,zena
1,74.5427453748842,2.9424262931717786,0.021807677934639103,neutral,muz
2,-41.7147329773405,-0.07599423014618534,-0.06606851491961531,zmatek,muz
3,-12.98520717845983,-0.1435369693975086,-0.037694915374831106,neutral,muz
4,-11.184479132492328,-0.12182734080469437,-0.03877370148398139,zmatek,muz
5,23.81772110261508,-0.37266184874973485,-0.06262897989582566,neutral,muz
6,-35.816380753998565,-0.4293362904002409,-0.07158150872794061,zmatek,muz
1,61.04599414185247,0.12549291652225733,-0.0014725813948822247,neutral,muz
2,-21.80479941862724,-0.001978982118142167,0.0001691520569513925,zmatek,muz
3,-24.59789897866746,-0.0026079496070828684,0.0002786471055914682,neutral,muz
4,-15.00222804371051,-0.002399866222175459,0.0016172677283504584,zmatek,muz
5,-19.34554271978905,-0.0017779112069523373,0.0007521999158707321,neutral,muz
6,-4.039963895311637,-0.0018418906718155187,5.396241358572129e-05,zmatek,muz
1,52.107048624198995,0.3908283429150022,-1.4013241101325075e-05,neutral,muz
2,-27.936333853515794,-0.0003711194353996361,-0.004047020693524394,znechuceni,muz
3,7.756671423217377,-0.0004883246412712428,-0.00047683045860995966,neutral,muz
4,-3.6776128984314624,-0.0031426502169458193,-0.00017969073295214888,znechuceni,muz
5,-1.4225691210837539,-0.0035619382417999557,-0.0032890775325491992,neutral,muz
6,2.548198711832775,-0.002210130449461112,-0.0007261738250371223,znechuceni,muz
1,76.7563559014663,0.408243524025476,-0.002015848012470381,neutral,zena
2,-7.075681426187543,-0.0012081648030789482,0.010911878954986803,znechuceni,zena
3,-15.43106363282854,-0.007245398293664995,0.012074484320657058,neutral,zena
4,-0.3531150132617853,-0.008895188367535611,0.005148896563723154,znechuceni,zena
5,-38.103653078866785,-0.019183279243364604,0.0042982809775070005,neutral,zena
6,-25.33545377844164,-0.01756116912795669,0.008550924240393224,znechuceni,zena
1,84.74549584980892,0.33481900604755555,-0.013255518901217051,neutral,muz
2,-30.642366550124535,0.005785518493983677,0.017554270163677124,znechuceni,muz
3,-42.69137721721031,0.013773639629687029,0.014028531152312947,neutral,muz
4,-11.312244367815481,0.01444414788386511,0.010806055576963562,znechuceni,muz
5,-43.25287683755619,0.013201833156972043,0.011792912234006464,neutral,muz
6,-31.524784579467784,0.01023387647964874,0.009806979683420144,znechuceni,muz
1,69.68932636111968,0.6266253252666633,-0.002036150068770309,neutral,muz
2,2.326664782670079,-0.005774469645465685,-0.0005055522047663855,znechuceni,muz
3,-4.94011741277059,-0.023994764466811924,0.006793399354726681,neutral,muz
4,-6.538494391661175,-0.026058408357511054,0.004008124282183804,znechuceni,muz
5,-10.690997980960077,-0.04955666713687701,0.01073965543026647,neutral,muz
6,22.882358754660316,-0.05305729499887957,-0.0023126673831950595,znechuceni,muz
1,75.31334185427703,1.0948052434376327,0.006735656773005887,neutral,muz
2,8.027124543583582,-0.00892948818436401,-0.0037328987184832045,znechuceni,muz
3,24.510741103822852,-0.04177640171295094,-0.005239408051802755,neutral,muz
4,2.7366744776929295,-0.05371688412786435,-0.014756146646598422,znechuceni,muz
5,37.5766286922678,-0.05192244886101838,-0.012515443559403393,neutral,muz
6,-25.076308038715837,-0.06384987074010362,-0.0023001757031144666,znechuceni,muz
1,75.20260747119667,0.8607448721919894,0.0013290336041836544,neutral,muz
2,8.355468205582739,-0.02024717522387609,0.005727483149927505,znechuceni,muz
3,3.341051091685131,0.014610660231635153,-0.02012828205953643,neutral,muz
4,-2.3469038219164133,0.04926664400106551,0.00031731317579960865,znechuceni,muz
5,11.472011941659332,0.0002502693720735083,-0.005004322156826564,neutral,muz
6,-0.24518965933181391,-0.0046744943425727215,-0.0019169996368290075,znechuceni,muz
1,77.55706270290297,0.16204610655513924,-0.006369954905333803,neutral,zena
2,-14.228871751944553,-0.0025460495317597143,-0.0016401220695046095,znechuceni,zena
3,8.698521958268984,-0.0009065402184499638,0.0007428532759702735,neutral,zena
4,2.549181948638477,-0.00723146727750576,0.003769955940668566,znechuceni,zena
5,-2.3754235147436162,-0.013091398060024878,0.007136524416137481,neutral,zena
6,12.983921787754824,-0.017136578490511284,0.008236045891492936,znechuceni,zena
1,72.34884721155814,0.6101198357065132,0.00412531490749758,neutral,muz
2,-20.947278431613036,0.025512881308326185,-0.0014031636946817885,znechuceni,muz
3,3.6148039174673983,0.06431169562881811,-0.007414657568488421,neutral,muz
4,14.622021890942946,0.0794317074443106,0.002503161709243219,znechuceni,muz
5,-20.059462284120457,0.09320744279248316,0.016970540818186983,neutral,muz
6,2.9565463956124916,0.10112551603343367,-0.003999358762917625,znechuceni,muz
1,92.07500768521366,0.5950129887353969,-0.005466489476881617,neutral,zena
2,-22.115967407835086,-0.01732388156506448,-0.013751471006601264,znechuceni,zena
3,6.578359754976347,-0.036748099048223404,-0.005899590813482569,neutral,zena
4,9.241054741266638,-0.04361963334586816,0.006583057519844317,znechuceni,zena
5,-22.24695288326005,-0.05042453273635039,0.003849002012199405,neutral,zena
6,-34.307703695744124,-0.051176140993055785,-0.004593453090033209,znechuceni,zena
1,78.69627837204965,0.14277377331025146,0.0013025571740303541,neutral,zena
2,12.65529340445407,0.0031074418563457606,-0.002010790138194194,znechuceni,zena
3,-8.563230917915561,0.003702617435628469,-0.0005739774995410591,neutral,zena
4,4.26710791199956,0.0022668204618501997,-0.0009523883059922239,znechuceni,zena
5,-24.281739968017185,0.0006311805955502847,-0.0015923482252254194,neutral,zena
6,3.7266302379858303,0.0007604378698695957,-0.0026192918375378916,znechuceni,zena
1,85.94708383699266,0.5229355161440846,0.0025600030271441176,neutral,muz
2,-17.487295205660644,0.0072696316291721574,-0.0014139423546986336,znechuceni,muz
3,-0.8267777833670351,0.01701838468375494,-0.003315096722607152,neutral,muz
4,-21.243989050368185,0.023737642786415436,-0.002981033081661209,znechuceni,muz
5,-27.032328806038258,0.035088042886743054,-0.0027757993212367085,neutral,muz
6,-8.617202360276153,0.03910072641184137,-0.003885536500282635,znechuceni,muz
1,70.55461041170466,0.14016888067299305,-0.01092827147958356,neutral,zena
2,-6.724813846708308,0.016473708086791217,0.00796066054710129,znechuceni,zena
3,42.15328779609415,0.017091752497615353,0.038356998426954905,neutral,zena
4,-14.77501764759009,0.05516608831239367,0.01937161687625245,znechuceni,zena
5,-20.790548693364173,0.08537640895963228,0.001056982739841122,neutral,zena
6,-13.975888375790731,0.09334575958388841,0.006873255994601619,znechuceni,zena
1,80.26473647177932,0.1982624843641696,-0.008662225042437655,neutral,zena
2,-26.64597368848068,-0.005774813377973004,0.00724422926835082,znechuceni,zena
3,-17.803081552086745,-0.006733154343246839,0.010356370886305618,neutral,zena
4,11.223925714227704,-0.005323211165879915,0.009855335668651526,znechuceni,zena
5,-1.1817535299582573,-0.008439348093154192,0.006943461247845372,neutral,zena
6,-1.4018439796232087,-0.0060096426579175355,0.004555765182012132,znechuceni,zena
1,80.41884583033642,0.0663179359822439,-0.0017679447422829545,neutral,zena
2,-33.5045928468836,-0.0005530652854575241,0.0006617640463008232,znechuceni,zena
3,1.8192519927801953,0.003473745202888595,0.0027551505090510475,neutral,zena
4,19.306426199503306,0.005351148908912279,0.0026965239402546386,znechuceni,zena
5,-15.41760272801433,0.018494186372475935,0.001378414103602245,neutral,zena
6,-41.454195384922784,0.019715031178623,0.0017514250401385488,znechuceni,zena
1,57.40927644874836,0.13939662673664402,-0.0022647682154368566,neutral,zena
2,-3.524543388161149,-0.004341156394237017,0.003057609500365103,znechuceni,zena
3,-17.68643177944803,-0.007650330273438949,0.006776051042053085,neutral,zena
4,-5.906548136642414,-0.00832903528419729,0.0029916391594966363,znechuceni,zena
5,1.3476962735226792,-0.00874322705304717,0.002878845921819328,neutral,zena
6,10.739941382758047,-0.009925997524685815,-0.0009592084871648211,znechuceni,zena
1,82.5386941387266,2.678753979970574,0.022274241162416136,neutral,muz
2,-45.4825742671879,0.02198994747614824,-0.05825733813824298,znechuceni,muz
3,-33.13663259369437,-0.026809459896884658,-0.041097087062956714,neutral,muz
4,-27.27580965301827,-0.07639936236098333,-0.05492021189979546,znechuceni,muz
5,-27.344717766152087,-0.1393348756414623,-0.03597614089198204,neutral,muz
6,-32.72510955832618,-0.14275570370620994,-0.06479760460805159,znechuceni,muz
1,80.05440830110805,0.12286618828053361,0.002781272671091398,neutral,muz
2,-15.723977151019326,0.002825667088601491,-0.002920208670414079,znechuceni,muz
3,-31.1562414551301,0.0027454440038447436,-0.00505862921017984,neutral,muz
4,-9.625819150355568,0.002189729912038252,-0.0032991800036095958,znechuceni,muz
5,-28.53685289219814,0.0028026446677005823,-0.0024664289471556322,neutral,muz
6,-35.82569281526635,0.002904597984499241,-0.002148545346016958,znechuceni,muz
